N;Nome da Variável;Descrição da Variável;Tipo;Tam.(1);Categoria;"Coleta por ano (""s""=sim;""n""=não ) ";;;;;;;;;;;;;;;;;;;Notas Importantes
;;;;;;07;08;09;10;11;12;13;14;15;16;17;18;19;20;21;22;23;24;25;
;;;;;;;;;;;;;;;;;;;;;;;;;
1;NU_ANO_CENSO;Ano do Censo;Num;4;;s;s;s;s;s;s;s;s;s;s;s;s;s;s;s;s;s;s;s;
2;NO_REGIAO;Nome da Região Geográfica;Char;20;;s;s;s;s;s;s;s;s;s;s;s;s;s;s;s;s;s;s;s;
3;CO_REGIAO;Código da Região Geográfica;Num;1;;s;s;s;s;s;s;s;s;s;s;s;s;s;s;s;s;s;s;s;
4;NO_UF;Nome da Unidade da Federação;Char;50;;s;s;s;s;s;s;s;s;s;s;s;s;s;s;s;s;s;s;s;
5;SG_UF;Sigla da Unidade da Federação;Char;2;;s;s;s;s;s;s;s;s;s;s;s;s;s;s;s;s;s;s;s;
6;CO_UF;Código da Unidade da Federação;Num;2;;s;s;s;s;s;s;s;s;s;s;s;s;s;s;s;s;s;s;s;
7;NO_MUNICIPIO;Nome do Município;Char;150;;s;s;s;s;s;s;s;s;s;s;s;s;s;s;s;s;s;s;s;
8;CO_MUNICIPIO;Código do Município;Num;7;;s;s;s;s;s;s;s;s;s;s;s;s;s;s;s;s;s;s;s;
9;NO_REGIAO_GEOG_INTERM;Nome da Região Geográfica Intermediária;Char;100;;n;n;n;n;n;n;n;n;n;n;n;n;s;s;s;s;s;s;s;A Fundação Instituto Brasileiro de Geografia e Estatísticas (IBGE), propôs em 2017 uma nova divisão geográfica regional do Brasil que corresponde às antigas Mesorregiões e Microrregiões. Assim, a partir de 2019, as regiões geográficas regionais são classificadas em Regiões Geográficas Intermediárias e Regiões Imediatas. No Censo Escolar, para fins de comparação ao longo dos anos, foram mantidas as variáveis de Mesorregiões e Microrregiões.
10;CO_REGIAO_GEOG_INTERM;Código da Região Geográfica Intermediária;Num;4;;n;n;n;n;n;n;n;n;n;n;n;n;s;s;s;s;s;s;s;
11;NO_REGIAO_GEOG_IMED;Nome da Região Geográfica Imediata;Char;100;;n;n;n;n;n;n;n;n;n;n;n;n;s;s;s;s;s;s;s;
12;CO_REGIAO_GEOG_IMED;Código da Região Geográfica Imediata;Num;6;;n;n;n;n;n;n;n;n;n;n;n;n;s;s;s;s;s;s;s;
13;NO_DISTRITO;Divisão Intramunicipal - Nome do Distrito;Char;100;;s;s;s;s;s;s;s;s;s;s;s;s;s;s;s;s;s;s;s;
14;CO_DISTRITO;Divisão Intramunicipal - Código do Distrito;Num;9;;s;s;s;s;s;s;s;s;s;s;s;s;s;s;s;s;s;s;s;
15;NO_SUBDISTRITO;Divisão Intramunicipal - Nome do Subdistrito;Char;100;;n;n;n;n;n;n;n;n;n;n;n;n;n;n;n;n;n;n;s;"A partir do Censo Escolar de 2025, a coleta de informações passou a contemplar dados geográficos desagregados pelo Código das Regiões Administrativas exclusivamente para o Distrito Federal. Em decorrência dessa alteração, nos Microdados, o nome e o código das Regiões Administrativas do Distrito Federal passaram a ser incorporados às variáveis de Código e Nome do Distrito.
Assim, nesta versão dos Microdados, as variáveis NO_REGIAO_ADMINISTRATIVA e CO_REGIAO_ADMINISTRATIVA foram, respectivamente, integradas às variáveis NO_DISTRITO e CO_DISTRITO."
16;CO_SUBDISTRITO;Divisão Intramunicipal - Código do Subdistrito;Num;9;;n;n;n;n;n;n;n;n;n;n;n;n;n;n;n;n;n;n;s;
17;NO_ENTIDADE;Nome da Escola;Char;100;;s;s;s;s;s;s;s;s;s;s;s;s;s;s;s;s;s;s;s;
18;CO_ENTIDADE;Código da Escola;Num;8;;s;s;s;s;s;s;s;s;s;s;s;s;s;s;s;s;s;s;s;
19;CO_REDE;Rede de Ensino;Num;1;"1 - Pública
2 - Privada";s;s;s;s;s;s;s;s;s;s;s;s;s;s;s;s;s;s;s;
20;TP_DEPENDENCIA;Dependência Administrativa;Num;1;"1 - Federal
2 - Estadual
3 - Municipal
4 - Privada";s;s;s;s;s;s;s;s;s;s;s;s;s;s;s;s;s;s;s;
21;TP_CATEGORIA_ESCOLA_PRIVADA;Categoria da escola privada;Num;1;"1 - Particular
2 - Comunitária
3 - Confessional
4 - Filantrópica
   - Não aplicável para escolas públicas";s;s;s;s;s;s;s;s;s;s;s;s;s;s;s;s;s;s;s;
22;TP_LOCALIZACAO;Localização;Num;1;"1 - Urbana
2 - Rural";s;s;s;s;s;s;s;s;s;s;s;s;s;s;s;s;s;s;s;
23;TP_LOCALIZACAO_DIFERENCIADA;Localização diferenciada da escola;Num;1;"0 - A escola não está em área de localização diferenciada
1 - Área de assentamento
2 - Terra indígena
3 - Comunidade quilombola
8 - Área onde se localizam povos e comunidades tradicionais";s;s;s;s;s;s;s;s;s;s;s;s;s;s;s;s;s;s;s;"De 2007 a 2011:  
0 - Não se aplica
1 - Área de assentamento
2 - Terra indígena
3 - Área remanescente de quilombos
De 2012 a 2018:  
0 - A escola não está em área de localização diferenciada
1 - Área de assentamento
2 - Terra indígena
3 - Área remanescente de quilombos
4 - Unidade de uso sustentável
5 - Unidade de uso sustentável em terra indígena
6 - Unidade de uso sustentável em área remanescente de quilombos
De 2019 a 2022: 
0 - A escola não está em área de localização diferenciada
1 - Área de assentamento
2 - Terra indígena
3 - Área onde se localiza comunidade remanescente de quilombos
Em 2023 foi adicionada a categoria 8: 
8 - Área onde se localizam povos e comunidades tradicionais"
24;IN_PODER_PUBLICO_PARCERIA;Parceria ou convênio com o poder público (parceria ou convênio firmado entre a Administração Pública e instituições privadas ou instituições públicas de ensino, autarquias e fundações da administração indireta e demais instituições de educação profissional técnica de nível médio dos serviços sociais autônomos que integram o sistema federal de ensino, para financiamento do atendimento educacional ou para a oferta do itinerário de formação técnica e profissional do ensino médio);Num;1;"0 - Não
1 - Sim";s;s;s;s;s;s;s;s;s;s;s;s;s;s;s;s;s;s;s;"Entre 2007 e 2021:
A variável IN_CONVENIADA_PP foi renomeada para:
IN_PODER_PUBLICO_PARCERIA "
25;TP_PODER_PUBLICO_PARCERIA;Poder público responsável pela parceria ou convênio entre a Administração Pública e outras instituições;Num;1;"1 - Municipal
2 - Estadual
3 - Estadual e Municipal
   - Não aplicável  para escolas sem parceria ou convênio com o poder público";s;s;s;s;s;s;s;s;s;s;s;s;s;s;s;s;s;s;s;"Entre 2007 e 2021:
A variável TP_CONVENIO_PODER_PUBLICO foi renomeada para: TP_PODER_PUBLICO_PARCERIA "
26;QT_MAT_BAS;"Número de Matrículas da Educação Básica
";Num;8;;s;s;s;s;s;s;s;s;s;s;s;s;s;s;s;s;s;s;s;Não inclui matrículas em turmas exclusivas de atividade complementar e nem em turmas exclusivas de Atendimento Educacional Especializado. Em síntese, a Educação Básica compreende matrículas nas seguintes etapas e modalidades de ensino: Educação Infantil, Ensino Fundamental, Ensino Médio, Curso Técnico Concomitante, Curso Técnico Subsequente, Itinerário Formativo Técnico Profissional Exclusivo - Curso Técnico (não articulado ao ensino médio regular), Curso FIC Concomitante, Itinerário Formativo Técnico Profissional Exclusivo - Qualificação Profissional (não articulado ao ensino médio regular) e Educação de Jovens e Adultos (EJA).
27;QT_MAT_INF;Número de Matrículas da Educação Infantil;Num;8;;s;s;s;s;s;s;s;s;s;s;s;s;s;s;s;s;s;s;s;
28;QT_MAT_INF_CRE;Número de Matrículas da Educação Infantil - Creche;Num;8;;s;s;s;s;s;s;s;s;s;s;s;s;s;s;s;s;s;s;s;
29;QT_MAT_INF_PRE;Número de Matrículas da Educação Infantil - Pré-Escola;Num;8;;s;s;s;s;s;s;s;s;s;s;s;s;s;s;s;s;s;s;s;
30;QT_MAT_FUND;Número de Matrículas do Ensino Fundamental;Num;8;;s;s;s;s;s;s;s;s;s;s;s;s;s;s;s;s;s;s;s;
31;QT_MAT_FUND_AI;Número de Matrículas do Ensino Fundamental - Anos Iniciais;Num;8;;s;s;s;s;s;s;s;s;s;s;s;s;s;s;s;s;s;s;s;
32;QT_MAT_FUND_AI_1;Número de Matrículas do Ensino Fundamental - Anos Iniciais - 1º Ano;Num;8;;s;s;s;s;s;s;s;s;s;s;s;s;s;s;s;s;s;s;s;
33;QT_MAT_FUND_AI_2;Número de Matrículas do Ensino Fundamental - Anos Iniciais - 2º Ano;Num;8;;s;s;s;s;s;s;s;s;s;s;s;s;s;s;s;s;s;s;s;
34;QT_MAT_FUND_AI_3;Número de Matrículas do Ensino Fundamental - Anos Iniciais - 3º Ano;Num;8;;s;s;s;s;s;s;s;s;s;s;s;s;s;s;s;s;s;s;s;
35;QT_MAT_FUND_AI_4;Número de Matrículas do Ensino Fundamental - Anos Iniciais - 4º Ano;Num;8;;s;s;s;s;s;s;s;s;s;s;s;s;s;s;s;s;s;s;s;
36;QT_MAT_FUND_AI_5;Número de Matrículas do Ensino Fundamental - Anos Iniciais - 5º Ano;Num;8;;s;s;s;s;s;s;s;s;s;s;s;s;s;s;s;s;s;s;s;
37;QT_MAT_FUND_AF;Número de Matrículas do Ensino Fundamental - Anos Finais;Num;8;;s;s;s;s;s;s;s;s;s;s;s;s;s;s;s;s;s;s;s;
38;QT_MAT_FUND_AF_6;Número de Matrículas do Ensino Fundamental - Anos Finais - 6º Ano;Num;8;;s;s;s;s;s;s;s;s;s;s;s;s;s;s;s;s;s;s;s;
39;QT_MAT_FUND_AF_7;Número de Matrículas do Ensino Fundamental - Anos Finais - 7º Ano;Num;8;;s;s;s;s;s;s;s;s;s;s;s;s;s;s;s;s;s;s;s;
40;QT_MAT_FUND_AF_8;Número de Matrículas do Ensino Fundamental - Anos Finais - 8º Ano;Num;8;;s;s;s;s;s;s;s;s;s;s;s;s;s;s;s;s;s;s;s;
41;QT_MAT_FUND_AF_9;Número de Matrículas do Ensino Fundamental - Anos Finais - 9º Ano;Num;8;;s;s;s;s;s;s;s;s;s;s;s;s;s;s;s;s;s;s;s;
42;QT_MAT_MED;Número de Matrículas do Ensino Médio Regular;Num;8;;s;s;s;s;s;s;s;s;s;s;s;s;s;s;s;s;s;s;s;
43;QT_MAT_MED_1;Número de Matrículas do Ensino Médio Regular - 1º ano/1ª Série;Num;8;;s;s;s;s;s;s;s;s;s;s;s;s;s;s;s;s;s;s;s;
44;QT_MAT_MED_2;Número de Matrículas do Ensino Médio Regular - 2º ano/2ª Série;Num;8;;s;s;s;s;s;s;s;s;s;s;s;s;s;s;s;s;s;s;s;
45;QT_MAT_MED_3;Número de Matrículas do Ensino Médio Regular - 3º ano/3ª Série;Num;8;;s;s;s;s;s;s;s;s;s;s;s;s;s;s;s;s;s;s;s;
46;QT_MAT_MED_4;Número de Matrículas do Ensino Médio Regular - 4º ano/4ª Série;Num;8;;s;s;s;s;s;s;s;s;s;s;s;s;s;s;s;s;s;s;s;
47;QT_MAT_MED_NS;Número de Matrículas do Ensino Médio Regular - Não Seriado;Num;8;;s;s;s;s;s;s;s;s;s;s;s;s;s;s;s;s;s;s;s;
48;QT_MAT_MED_PROP;Número de Matrículas do Ensino Médio Regular - Propedêutico;Num;8;;s;s;s;s;s;s;s;s;s;s;s;s;s;s;s;s;s;s;s;
49;QT_MAT_MED_PROP_1;Número de Matrículas do Ensino Médio Regular - Propedêutico - 1º ano/1ª Série;Num;8;;s;s;s;s;s;s;s;s;s;s;s;s;s;s;s;s;s;s;s;
50;QT_MAT_MED_PROP_2;Número de Matrículas do Ensino Médio Regular - Propedêutico - 2º ano/2ª Série;Num;8;;s;s;s;s;s;s;s;s;s;s;s;s;s;s;s;s;s;s;s;
51;QT_MAT_MED_PROP_3;Número de Matrículas do Ensino Médio Regular - Propedêutico - 3º ano/3ª Série;Num;8;;s;s;s;s;s;s;s;s;s;s;s;s;s;s;s;s;s;s;s;
52;QT_MAT_MED_PROP_4;Número de Matrículas do Ensino Médio Regular - Propedêutico - 4º ano/4ª Série;Num;8;;s;s;s;s;s;s;s;s;s;s;s;s;s;s;s;s;s;s;s;
53;QT_MAT_MED_PROP_NS;Número de Matrículas do Ensino Médio Regular - Propedêutico - Não Seriado;Num;8;;s;s;s;s;s;s;s;s;s;s;s;s;s;s;s;s;s;s;s;
54;QT_MAT_MED_IFTP_CT;Número de Matrículas do Ensino Médio Regular (Formação Geral Básica - FGB) articuladas ao Curso Técnico do Itinerário Formativo Técnico Profissional (IFTP) - Curso Técnico;Num;8;;s;s;s;s;s;s;s;s;s;s;s;s;s;s;s;s;s;s;s;
60;QT_MAT_MED_ARTI_IFTP_CT;Número de Matrículas do Ensino Médio Regular (Formação Geral Básica - FGB) articuladas ao Curso Técnico do Itinerário Formativo Técnico Profissional (IFTP) - Curso Técnico;Num;8;;n;n;n;n;n;n;n;n;n;n;n;n;n;n;n;n;n;n;s;Não inclui o Ensino Médio Normal/Magistério. Variável descontinuada porque o valor das turmas de FGB e Ensino Médio Propedêutico será igual ao valor da variável: QT_MAT_MED_IFTP_CT.
61;QT_MAT_MED_IFTP_CT_MT;Número de Matrículas do Ensino Médio Regular (Formação Geral Básica - FGB) articuladas ao Curso Técnico do Itinerário Formativo Técnico Profissional (IFTP) - Curso Técnico ofertado na mesma turma;Num;8;;n;n;n;n;n;n;n;n;n;n;n;n;n;n;n;n;n;n;s;Não inclui o Ensino Médio Normal/Magistério. Antigo nome da variável: QT_MAT_MED_ARTI_IFTP_CT_MT.
62;QT_MAT_MED_IFTP_CT_OTME;Número de Matrículas do Ensino Médio Regular (Formação Geral Básica - FGB) articuladas ao Curso Técnico do Itinerário Formativo Técnico Profissional (IFTP) - Curso Técnico ofertado em outra turma da mesma escola;Num;8;;n;n;n;n;n;n;n;n;n;n;n;n;n;n;n;n;n;n;s;Não inclui o Ensino Médio Normal/Magistério. Antigo nome da variável: QT_MAT_MED_ARTI_IFTP_CT_OTME.
63;QT_MAT_MED_IFTP_CT_OE;Número de Matrículas do Ensino Médio Regular (Formação Geral Básica - FGB) articuladas ao Curso Técnico do Itinerário Formativo Técnico Profissional (IFTP) - Curso Técnico ofertado em outra escola;Num;8;;n;n;n;n;n;n;n;n;n;n;n;n;n;n;n;n;n;n;s;Não inclui o Ensino Médio Normal/Magistério. Antigo nome da variável: QT_MAT_MED_ARTI_IFTP_CT_OE.
55;QT_MAT_MED_IFTP_CT_1;Número de Matrículas do Ensino Médio Regular (Formação Geral Básica - FGB) articuladas ao Curso Técnico do Itinerário Formativo Técnico Profissional (IFTP) - Curso Técnico - 1º ano/1ª Série;Num;8;;s;s;s;s;s;s;s;s;s;s;s;s;s;s;s;s;s;s;s;
56;QT_MAT_MED_IFTP_CT_2;Número de Matrículas do Ensino Médio Regular (Formação Geral Básica - FGB) articuladas ao Curso Técnico do Itinerário Formativo Técnico Profissional (IFTP) - Curso Técnico - 2º ano/2ª Série;Num;8;;s;s;s;s;s;s;s;s;s;s;s;s;s;s;s;s;s;s;s;
57;QT_MAT_MED_IFTP_CT_3;Número de Matrículas do Ensino Médio Regular (Formação Geral Básica - FGB) articuladas ao Curso Técnico do Itinerário Formativo Técnico Profissional (IFTP) - Curso Técnico - 3º ano/3ª Série;Num;8;;s;s;s;s;s;s;s;s;s;s;s;s;s;s;s;s;s;s;s;
58;QT_MAT_MED_IFTP_CT_4;Número de Matrículas do Ensino Médio Regular (Formação Geral Básica - FGB) articuladas ao Curso Técnico do Itinerário Formativo Técnico Profissional (IFTP) - Curso Técnico - 4º ano/4ª Série;Num;8;;s;s;s;s;s;s;s;s;s;s;s;s;s;s;s;s;s;s;s;
59;QT_MAT_MED_IFTP_CT_NS;Número de Matrículas do Ensino Médio Regular (Formação Geral Básica - FGB) articuladas ao Curso Técnico do Itinerário Formativo Técnico Profissional (IFTP) - Curso Técnico - Não Seriado;Num;8;;s;s;s;s;s;s;s;s;s;s;s;s;s;s;s;s;s;s;s;
64;QT_MAT_MED_IFTP_QP;Número de Matrículas do Ensino Médio Regular (Formação Geral Básica - FGB) articuladas ao Itinerário Formativo Técnico Profissional (IFTP) - Qualificação Profissional;Num;8;Educação Profissional Não-Técnica;n;n;n;n;n;n;n;n;n;n;n;n;n;n;n;n;n;n;s;
70;QT_MAT_MED_ARTI_IFTP_QP;Número de Matrículas do Ensino Médio Regular (Formação Geral Básica - FGB) articuladas ao Itinerário Formativo Técnico Profissional (IFTP) - Qualificação Profissional;Num;8;Educação Profissional Não-Técnica;n;n;n;n;n;n;n;n;n;n;n;n;n;n;n;n;n;n;s;Não inclui o Ensino Médio Normal/Magistério. Variável descontinuada porque o valor das turmas de FGB e Ensino Médio Propedêutico será igual ao valor da variável: QT_MAT_MED_IFTP_QP.
71;QT_MAT_MED_IFTP_QP_MT;Número de Matrículas do Ensino Médio Regular (Formação Geral Básica - FGB) articuladas ao Itinerário Formativo Técnico Profissional (IFTP) - Qualificação Profissional ofertado na mesma turma;Num;8;Educação Profissional Não-Técnica;n;n;n;n;n;n;n;n;n;n;n;n;n;n;n;n;n;n;s;Não inclui o Ensino Médio Normal/Magistério. Antigo nome da variável: QT_MAT_MED_ARTI_IFTP_QP_MT.
72;QT_MAT_MED_IFTP_QP_OTME;Número de Matrículas do Ensino Médio Regular (Formação Geral Básica - FGB) articuladas ao Itinerário Formativo Técnico Profissional (IFTP) - Qualificação Profissional ofertado em outra turma da mesma escola;Num;8;Educação Profissional Não-Técnica;n;n;n;n;n;n;n;n;n;n;n;n;n;n;n;n;n;n;s;Não inclui o Ensino Médio Normal/Magistério. Antigo nome da variável: QT_MAT_MED_ARTI_IFTP_QP_OTME.
73;QT_MAT_MED_IFTP_QP_OE;Número de Matrículas do Ensino Médio Regular (Formação Geral Básica - FGB) articuladas ao Itinerário Formativo Técnico Profissional (IFTP) - Qualificação Profissional ofertado em outra escola;Num;8;Educação Profissional Não-Técnica;n;n;n;n;n;n;n;n;n;n;n;n;n;n;n;n;n;n;s;Não inclui o Ensino Médio Normal/Magistério. Antigo nome da variável: QT_MAT_MED_ARTI_IFTP_QP_OE.
65;QT_MAT_MED_IFTP_QP_1;Número de Matrículas do Ensino Médio Regular (Formação Geral Básica - FGB) articuladas ao Itinerário Formativo Técnico Profissional (IFTP) - Qualificação Profissional - 1º ano/1ª Série;Num;8;Educação Profissional Não-Técnica;n;n;n;n;n;n;n;n;n;n;n;n;n;n;n;n;n;n;s;
66;QT_MAT_MED_IFTP_QP_2;Número de Matrículas do Ensino Médio Regular (Formação Geral Básica - FGB) articuladas ao Itinerário Formativo Técnico Profissional (IFTP) - Qualificação Profissional - 2º ano/2ª Série;Num;8;Educação Profissional Não-Técnica;n;n;n;n;n;n;n;n;n;n;n;n;n;n;n;n;n;n;s;
67;QT_MAT_MED_IFTP_QP_3;Número de Matrículas do Ensino Médio Regular (Formação Geral Básica - FGB) articuladas ao Itinerário Formativo Técnico Profissional (IFTP) - Qualificação Profissional - 3º ano/3ª Série;Num;8;Educação Profissional Não-Técnica;n;n;n;n;n;n;n;n;n;n;n;n;n;n;n;n;n;n;s;
68;QT_MAT_MED_IFTP_QP_4;Número de Matrículas do Ensino Médio Regular (Formação Geral Básica - FGB) articuladas ao Itinerário Formativo Técnico Profissional (IFTP) - Qualificação Profissional - 4º ano/4ª Série;Num;8;Educação Profissional Não-Técnica;n;n;n;n;n;n;n;n;n;n;n;n;n;n;n;n;n;n;s;
69;QT_MAT_MED_IFTP_QP_NS;Número de Matrículas do Ensino Médio Regular (Formação Geral Básica - FGB) articuladas ao Itinerário Formativo Técnico Profissional (IFTP) - Qualificação Profissional - Não Seriado;Num;8;Educação Profissional Não-Técnica;n;n;n;n;n;n;n;n;n;n;n;n;n;n;n;n;n;n;s;
74;QT_MAT_MED_NM;Número de Matrículas do Ensino Médio Regular -  Modalidade Normal/Magistério;Num;8;;s;s;s;s;s;s;s;s;s;s;s;s;s;s;s;s;s;s;s;
75;QT_MAT_MED_NM_1;Número de Matrículas do Ensino Médio Regular -  Modalidade Normal/Magistério - 1º ano/1ª Série;Num;8;;s;s;s;s;s;s;s;s;s;s;s;s;s;s;s;s;s;s;s;
76;QT_MAT_MED_NM_2;Número de Matrículas do Ensino Médio Regular -  Modalidade Normal/Magistério - 2º ano/2ª Série;Num;8;;s;s;s;s;s;s;s;s;s;s;s;s;s;s;s;s;s;s;s;
77;QT_MAT_MED_NM_3;Número de Matrículas do Ensino Médio Regular -  Modalidade Normal/Magistério - 3º ano/3ª Série;Num;8;;s;s;s;s;s;s;s;s;s;s;s;s;s;s;s;s;s;s;s;
78;QT_MAT_MED_NM_4;Número de Matrículas do Ensino Médio Regular -  Modalidade Normal/Magistério - 4º ano/4ª Série;Num;8;;s;s;s;s;s;s;s;s;s;s;s;s;s;s;s;s;s;s;s;
79;QT_MAT_MED_IFA;Número de Matrículas do Ensino Médio Regular - Itinerário formativo de aprofundamento (IFA). Percursos educacionais estruturados de livre escolha dos estudantes, que permite aos educandos o aprofundamento de suas aprendizagens e de seu desenvolvimento em uma ou em mais áreas do conhecimento. Deve realizar-se por meio da oferta de projetos interdisciplinares e integradores, organizados com ênfase nos componentes curriculares que compõem a(s) área(s) de conhecimento eleitas, de modo a ampliar o diálogo entre as dimensões teóricas e práticas dos conteúdos, a consideração e valorização da diversidade territorial e cultural do Brasil e as escolhas estabelecidas na proposta pedagógica de cada unidade escolar.;Num;8;Aplicável apenas para turmas de ensino médio regular (propedêutico ou normal/magistério);n;n;n;n;n;n;n;n;n;n;n;n;n;n;n;n;n;n;s;
80;QT_MAT_MED_IFA_LING;Número de Matrículas do Ensino Médio Regular - Área do Itinerário formativo de aprofundamento (IFA) - Linguagens e suas tecnologias;Num;8;Aplicável apenas para turmas de ensino médio regular (propedêutico ou normal/magistério);n;n;n;n;n;n;n;n;n;n;n;n;n;n;n;n;n;n;s;
81;QT_MAT_MED_IFA_LING_MT;Número de Matrículas do Ensino Médio Regular - Área do Itinerário formativo de aprofundamento (IFA) - Linguagens e suas tecnologias na mesma turma;Num;8;Aplicável apenas para turmas de ensino médio regular (propedêutico ou normal/magistério);n;n;n;n;n;n;n;n;n;n;n;n;n;n;n;n;n;n;s;
82;QT_MAT_MED_IFA_LING_OTME;Número de Matrículas do Ensino Médio Regular - Área do Itinerário formativo de aprofundamento (IFA) - Linguagens e suas tecnologias em outra turma da mesma escola;Num;8;Aplicável apenas para turmas de ensino médio regular (propedêutico ou normal/magistério);n;n;n;n;n;n;n;n;n;n;n;n;n;n;n;n;n;n;s;
83;QT_MAT_MED_IFA_LING_OE;Número de Matrículas do Ensino Médio Regular - Área do Itinerário formativo de aprofundamento (IFA) - Linguagens e suas tecnologias em outra escola;Num;8;Aplicável apenas para turmas de ensino médio regular (propedêutico ou normal/magistério);n;n;n;n;n;n;n;n;n;n;n;n;n;n;n;n;n;n;s;
84;QT_MAT_MED_IFA_MATE;Número de Matrículas do Ensino Médio Regular - Área do Itinerário formativo de aprofundamento (IFA) - Matemática e suas tecnologias;Num;8;Aplicável apenas para turmas de ensino médio regular (propedêutico ou normal/magistério);n;n;n;n;n;n;n;n;n;n;n;n;n;n;n;n;n;n;s;
85;QT_MAT_MED_IFA_MATE_MT;Número de Matrículas do Ensino Médio Regular - Área do Itinerário formativo de aprofundamento (IFA) - Matemática e suas tecnologias na mesma turma;Num;8;Aplicável apenas para turmas de ensino médio regular (propedêutico ou normal/magistério);n;n;n;n;n;n;n;n;n;n;n;n;n;n;n;n;n;n;s;
86;QT_MAT_MED_IFA_MATE_OTME;Número de Matrículas do Ensino Médio Regular - Área do Itinerário formativo de aprofundamento (IFA) - Matemática e suas tecnologias em outra turma da mesma escola;Num;8;Aplicável apenas para turmas de ensino médio regular (propedêutico ou normal/magistério);n;n;n;n;n;n;n;n;n;n;n;n;n;n;n;n;n;n;s;
87;QT_MAT_MED_IFA_MATE_OE;Número de Matrículas do Ensino Médio Regular - Área do Itinerário formativo de aprofundamento (IFA) - Matemática e suas tecnologias em outra escola;Num;8;Aplicável apenas para turmas de ensino médio regular (propedêutico ou normal/magistério);n;n;n;n;n;n;n;n;n;n;n;n;n;n;n;n;n;n;s;
88;QT_MAT_MED_IFA_CIENC;Número de Matrículas do Ensino Médio Regular - Área do Itinerário formativo de aprofundamento (IFA) - Ciências da natureza e suas tecnologias;Num;8;Aplicável apenas para turmas de ensino médio regular (propedêutico ou normal/magistério);n;n;n;n;n;n;n;n;n;n;n;n;n;n;n;n;n;n;s;
89;QT_MAT_MED_IFA_CIENC_MT;Número de Matrículas do Ensino Médio Regular - Área do Itinerário formativo de aprofundamento (IFA) - Ciências da natureza e suas tecnologias na mesma turma;Num;8;Aplicável apenas para turmas de ensino médio regular (propedêutico ou normal/magistério);n;n;n;n;n;n;n;n;n;n;n;n;n;n;n;n;n;n;s;
90;QT_MAT_MED_IFA_CIENC_OTME;Número de Matrículas do Ensino Médio Regular - Área do Itinerário formativo de aprofundamento (IFA) - Ciências da natureza e suas tecnologias em outra turma da mesma escola;Num;8;Aplicável apenas para turmas de ensino médio regular (propedêutico ou normal/magistério);n;n;n;n;n;n;n;n;n;n;n;n;n;n;n;n;n;n;s;
91;QT_MAT_MED_IFA_CIENC_OE;Número de Matrículas do Ensino Médio Regular - Área do Itinerário formativo de aprofundamento (IFA) - Ciências da natureza e suas tecnologias em outra escola;Num;8;Aplicável apenas para turmas de ensino médio regular (propedêutico ou normal/magistério);n;n;n;n;n;n;n;n;n;n;n;n;n;n;n;n;n;n;s;
92;QT_MAT_MED_IFA_HUMA;Número de Matrículas do Ensino Médio Regular - Área do Itinerário formativo de aprofundamento (IFA) - Ciências humanas e sociais aplicadas;Num;8;Aplicável apenas para turmas de ensino médio regular (propedêutico ou normal/magistério);n;n;n;n;n;n;n;n;n;n;n;n;n;n;n;n;n;n;s;
93;QT_MAT_MED_IFA_HUMA_MT;Número de Matrículas do Ensino Médio Regular - Área do Itinerário formativo de aprofundamento (IFA) - Ciências humanas e sociais aplicadas na mesma turma;Num;8;Aplicável apenas para turmas de ensino médio regular (propedêutico ou normal/magistério);n;n;n;n;n;n;n;n;n;n;n;n;n;n;n;n;n;n;s;
94;QT_MAT_MED_IFA_HUMA_OTME;Número de Matrículas do Ensino Médio Regular - Área do Itinerário formativo de aprofundamento (IFA) - Ciências humanas e sociais aplicadas em outra turma da mesma escola;Num;8;Aplicável apenas para turmas de ensino médio regular (propedêutico ou normal/magistério);n;n;n;n;n;n;n;n;n;n;n;n;n;n;n;n;n;n;s;
95;QT_MAT_MED_IFA_HUMA_OE;Número de Matrículas do Ensino Médio Regular - Área do Itinerário formativo de aprofundamento (IFA) - Ciências humanas e sociais aplicadas em outra escola;Num;8;Aplicável apenas para turmas de ensino médio regular (propedêutico ou normal/magistério);n;n;n;n;n;n;n;n;n;n;n;n;n;n;n;n;n;n;s;
96;QT_MAT_PROF;Número de Matrículas da Educação Profissional;Num;8;;s;s;s;s;s;s;s;s;s;s;s;s;s;s;s;s;s;s;s;Modo profissionalizante de ensino correspondente às turmas de cursos técnicos de nível médio nas formas articuladas (integrada ou concomitante), ou subsequente ao ensino médio e de normal/magistério, e as turmas de cursos profissionalizantes não-técnicos. Inclui as seguintes etapas de ensino:            Ensino Médio articulado ao Itinerário Formativo Técnico Profissional - Curso Técnico, Ensino Médio Normal/Magistério, Curso Técnico Concomitante, Curso Técnico Subsequente,  Curso Técnico Integrado à EJA de Nível Médio, Itinerário Formativo Técnico Profissional Exclusivo - Curso Técnico (não articulado ao ensino médio regular), Curso FIC Concomitante, Curso FIC Integrado à EJA de Nível Fundamental, Curso FIC Integrado à EJA de Nível Médio, Ensino Médio articulado ao Itinerário Formativo Técnico Profissional - Qualificação Profissional e Itinerário Formativo Técnico Profissional Exclusivo - Qualificação Profissional (não articulado ao ensino médio regular).
97;QT_MAT_PROF_TEC;Número de Matrículas da Educação Profissional Técnica;Num;8;;s;s;s;s;s;s;s;s;s;s;s;s;s;s;s;s;s;s;s;Modo profissionalizante de ensino correspondente às turmas de cursos técnicos de nível médio nas formas articuladas (integrada ou concomitante), ou subsequente ao ensino médio e de normal/magistério. Inclui as seguintes etapas de ensino: Ensino Médio articulado ao Itinerário Formativo Técnico Profissional - Curso Técnico, Ensino Médio Normal/Magistério, Curso Técnico Concomitante, Curso Técnico Subsequente,  Curso Técnico Integrado à EJA de Nível Médio, Itinerário Formativo Técnico Profissional Exclusivo - Curso Técnico (não articulado ao ensino médio regular).
98;QT_MAT_PROF_TEC_CONC;Número de Matrículas da Educação Profissional Técnica - Curso Técnico Concomitante;Num;8;;s;s;s;s;s;s;s;s;s;s;s;s;s;s;s;s;s;s;s;
99;QT_MAT_PROF_TEC_SUBS;Número de Matrículas da Educação Profissional Técnica - Curso Técnico Subsequente;Num;8;;s;s;s;s;s;s;s;s;s;s;s;s;s;s;s;s;s;s;s;
100;QT_MAT_PROF_TEC_IFTP_CT;Número de Matrículas da Educação Profissional Técnica - Itinerário Formativo Técnico Profissional (IFTP) Exclusivo - Curso Técnico (não articulado ao ensino médio regular);Num;8;;n;n;n;n;n;n;n;n;n;n;n;n;n;n;n;n;n;n;s;
101;QT_MAT_PROF_NAO_TEC;Número de Matrículas da Educação Profissional Não-Técnica;Num;8;;s;s;s;s;s;s;s;s;s;s;s;s;s;s;s;s;s;s;s;A Educação Profissional Não-Técnica inclui matrículas nas seguintes etapas de ensino: Curso FIC Concomitante, Curso FIC Integrado à EJA de Nível Fundamental, Curso FIC Integrado à EJA de Nível Médio, Ensino Médio articulado ao Itinerário Formativo Técnico Profissional - Qualificação Profissional e Itinerário Formativo Técnico Profissional Exclusivo - Qualificação Profissional (não articulado ao ensino médio regular).
102;QT_MAT_PROF_IFTP_QP;Número de Matrículas da Educação Profissional - Itinerário Formativo Técnico Profissional (IFTP) Exclusivo - Qualificação Profissional (não articulado ao ensino médio regular);Num;8;Educação Profissional Não-Técnica;n;n;n;n;n;n;n;n;n;n;n;n;n;n;n;n;n;n;s;
103;QT_MAT_PROF_FIC_CONC;Número de Matrículas da Educação Profissional - Curso FIC Concomitante;Num;8;Educação Profissional Não-Técnica;n;n;n;n;n;n;n;n;s;s;s;s;s;s;s;s;s;s;s;
104;QT_MAT_EJA;Número de Matrículas da Educação de Jovens e Adultos (EJA);Num;8;;s;s;s;s;s;s;s;s;s;s;s;s;s;s;s;s;s;s;s;
105;QT_MAT_EJA_FUND;Número de Matrículas da Educação de Jovens e Adultos (EJA) - Ensino Fundamental;Num;8;;s;s;s;s;s;s;s;s;s;s;s;s;s;s;s;s;s;s;s;
106;QT_MAT_EJA_FUND_NPROF;Número de Matrículas da Educação de Jovens e Adultos (EJA) - Ensino Fundamental - Sem componente profissionalizante;Num;8;;s;s;s;s;s;s;s;s;s;s;s;s;s;s;s;s;s;s;s;Não inclui as matrículas do Curso FIC Integrado na Modalidade EJA de Nível Fundamental
107;QT_MAT_EJA_FUND_AI;Número de Matrículas da Educação de Jovens e Adultos (EJA) - Ensino Fundamental - Anos Iniciais;Num;8;;s;s;s;s;s;s;s;s;s;s;s;s;s;s;s;s;s;s;s;
108;QT_MAT_EJA_FUND_AF;Número de Matrículas da Educação de Jovens e Adultos (EJA) - Ensino Fundamental - Anos Finais;Num;8;;s;s;s;s;s;s;s;s;s;s;s;s;s;s;s;s;s;s;s;
109;QT_MAT_EJA_FUND_PJ;Número de Matrículas da Educação de Jovens e Adultos (EJA) - Ensino Fundamental - Projovem Urbano;Num;8;;n;n;n;n;n;s;s;s;s;s;s;s;n;n;n;n;n;n;n;
110;QT_MAT_EJA_FUND_AIAF;Número de Matrículas da Educação de Jovens e Adultos (EJA) - Ensino Fundamental - Anos Iniciais e Anos Finais;Num;8;;s;n;n;n;n;n;n;n;n;n;n;n;n;n;n;n;n;n;n;Categoria de etapa de ensino existente na base de matrículas apenas em 2007. De 2008 a 2015 os alunos de turmas da EJA Anos iniciais e Anos finais, foram registrados separadamente como EJA anos iniciais ou EJA anos finais do Ensino Fundamental.
111;QT_MAT_EJA_FUND_FIC;Número de Matrículas da Educação de Jovens e Adultos (EJA) - Ensino Fundamental - Curso FIC Integrado na Modalidade EJA de Nível Fundamental;Num;8;Educação Profissional Não-Técnica;n;s;s;s;s;s;s;s;s;s;s;s;s;s;s;s;s;s;s;
112;QT_MAT_EJA_MED;"Número de Matrículas da Educação de Jovens e Adultos (EJA) - Ensino Médio 
";Num;8;;s;s;s;s;s;s;s;s;s;s;s;s;s;s;s;s;s;s;s;Inclui as matrículas da EJA - Ensino Médio, EJA - Ensino Médio - Curso FIC Integrado na Modalidade EJA de Nível Médio, e EJA - Ensino Médio - Curso Técnico Integrado na Modalidade EJA de Nível Médio
113;QT_MAT_EJA_MED_NPROF;Número de Matrículas da Educação de Jovens e Adultos (EJA) - Ensino Médio - Sem componente profissionalizante;Num;8;;s;s;s;s;s;s;s;s;s;s;s;s;s;s;s;s;s;s;s;Não inclui as matrículas do Curso FIC Integrado na Modalidade EJA de Nível Médio e do Curso Técnico Integrado na Modalidade EJA de Nível Médio
114;QT_MAT_EJA_MED_FIC;Número de Matrículas da Educação de Jovens e Adultos (EJA) - Ensino Médio - Curso FIC Integrado na Modalidade EJA de Nível Médio;Num;8;Educação Profissional Não-Técnica;n;n;n;n;n;n;n;n;s;s;s;s;s;s;s;s;s;s;s;
115;QT_MAT_EJA_MED_TEC;Número de Matrículas da Educação de Jovens e Adultos (EJA) - Ensino Médio - Curso Técnico Integrado na Modalidade EJA de Nível Médio;Num;8;Deve ser considerada também como uma etapa Profissional Técnica;n;s;s;s;s;s;s;s;s;s;s;s;s;s;s;s;s;s;s;
116;QT_MAT_ESP;Número de Matrículas da Educação Especial;Num;8;;s;s;s;s;s;s;s;s;s;s;s;s;s;s;s;s;s;s;s;Número de matrículas de alunos com alguma deficiência, transtorno do espectro autista ou altas habilidades/superdotação.
117;QT_MAT_ESP_INF;Número de Matrículas da Educação Especial - Educação Infantil;Num;8;;s;s;s;s;s;s;s;s;s;s;s;s;s;s;s;s;s;s;s;
118;QT_MAT_ESP_INF_CRE;Número de Matrículas da Educação Especial - Educação Infantil - Creche;Num;8;;s;s;s;s;s;s;s;s;s;s;s;s;s;s;s;s;s;s;s;
119;QT_MAT_ESP_INF_PRE;Número de Matrículas da Educação Especial - Educação Infantil - Pré-Escola;Num;8;;s;s;s;s;s;s;s;s;s;s;s;s;s;s;s;s;s;s;s;
120;QT_MAT_ESP_FUND;Número de Matrículas da Educação Especial - Ensino Fundamental;Num;8;;s;s;s;s;s;s;s;s;s;s;s;s;s;s;s;s;s;s;s;
121;QT_MAT_ESP_FUND_AI;Número de Matrículas da Educação Especial - Ensino Fundamental - Anos Iniciais;Num;8;;s;s;s;s;s;s;s;s;s;s;s;s;s;s;s;s;s;s;s;
122;QT_MAT_ESP_FUND_AF;Número de Matrículas da Educação Especial - Ensino Fundamental - Anos Finais;Num;8;;s;s;s;s;s;s;s;s;s;s;s;s;s;s;s;s;s;s;s;
123;QT_MAT_ESP_MED;Número de Matrículas da Educação Especial - Ensino Médio;Num;8;;s;s;s;s;s;s;s;s;s;s;s;s;s;s;s;s;s;s;s;
124;QT_MAT_ESP_PROF;Número de Matrículas da Educação Especial - Educação Profissional;Num;8;;s;s;s;s;s;s;s;s;s;s;s;s;s;s;s;s;s;s;s;
125;QT_MAT_ESP_PROF_TEC;Número de Matrículas da Educação Especial - Educação Profissional Técnica;Num;8;;s;s;s;s;s;s;s;s;s;s;s;s;s;s;s;s;s;s;s;
126;QT_MAT_ESP_EJA;Número de Matrículas da Educação Especial - Educação de Jovens e Adultos (EJA);Num;8;;s;s;s;s;s;s;s;s;s;s;s;s;s;s;s;s;s;s;s;
127;QT_MAT_ESP_EJA_FUND;Número de Matrículas da Educação Especial - Educação de Jovens e Adultos (EJA) - Ensino Fundamental;Num;8;;s;s;s;s;s;s;s;s;s;s;s;s;s;s;s;s;s;s;s;
128;QT_MAT_ESP_EJA_MED;Número de Matrículas da Educação Especial - Educação de Jovens e Adultos (EJA) - Ensino Médio;Num;8;;s;s;s;s;s;s;s;s;s;s;s;s;s;s;s;s;s;s;s;
129;QT_MAT_ESP_CC;Número de Matrículas da Educação Especial em Classes Comuns;Num;8;;s;s;s;s;s;s;s;s;s;s;s;s;s;s;s;s;s;s;s;Número de matrículas de alunos com alguma deficiência, transtorno do espectro autista ou altas habilidades/superdotação em Classes Comuns do Ensino Regular e/ou Educação de Jovens Adultos (EJA).
130;QT_MAT_ESP_CC_INF;Número de Matrículas da Educação Especial em Classes Comuns - Educação Infantil;Num;8;;s;s;s;s;s;s;s;s;s;s;s;s;s;s;s;s;s;s;s;
131;QT_MAT_ESP_CC_INF_CRE;Número de Matrículas da Educação Especial em Classes Comuns - Educação Infantil - Creche;Num;8;;s;s;s;s;s;s;s;s;s;s;s;s;s;s;s;s;s;s;s;
132;QT_MAT_ESP_CC_INF_PRE;Número de Matrículas da Educação Especial em Classes Comuns - Educação Infantil - Pré-Escola;Num;8;;s;s;s;s;s;s;s;s;s;s;s;s;s;s;s;s;s;s;s;
133;QT_MAT_ESP_CC_FUND;Número de Matrículas da Educação Especial em Classes Comuns - Ensino Fundamental;Num;8;;s;s;s;s;s;s;s;s;s;s;s;s;s;s;s;s;s;s;s;
134;QT_MAT_ESP_CC_FUND_AI;Número de Matrículas da Educação Especial em Classes Comuns - Ensino Fundamental - Anos Iniciais;Num;8;;s;s;s;s;s;s;s;s;s;s;s;s;s;s;s;s;s;s;s;
135;QT_MAT_ESP_CC_FUND_AF;Número de Matrículas da Educação Especial em Classes Comuns - Ensino Fundamental - Anos Finais;Num;8;;s;s;s;s;s;s;s;s;s;s;s;s;s;s;s;s;s;s;s;
136;QT_MAT_ESP_CC_MED;Número de Matrículas da Educação Especial em Classes Comuns - Ensino Médio;Num;8;;s;s;s;s;s;s;s;s;s;s;s;s;s;s;s;s;s;s;s;
137;QT_MAT_ESP_CC_PROF;Número de Matrículas da Educação Especial em Classes Comuns - Educação Profissional;Num;8;;s;s;s;s;s;s;s;s;s;s;s;s;s;s;s;s;s;s;s;
138;QT_MAT_ESP_CC_PROF_TEC;Número de Matrículas da Educação Especial em Classes Comuns - Educação Profissional Técnica;Num;8;;s;s;s;s;s;s;s;s;s;s;s;s;s;s;s;s;s;s;s;
139;QT_MAT_ESP_CC_EJA;Número de Matrículas da Educação Especial em Classes Comuns - Educação de Jovens e Adultos (EJA);Num;8;;s;s;s;s;s;s;s;s;s;s;s;s;s;s;s;s;s;s;s;
140;QT_MAT_ESP_CC_EJA_FUND;Número de Matrículas da Educação Especial em Classes Comuns - Educação de Jovens e Adultos (EJA) - Ensino Fundamental;Num;8;;s;s;s;s;s;s;s;s;s;s;s;s;s;s;s;s;s;s;s;
141;QT_MAT_ESP_CC_EJA_MED;Número de Matrículas da Educação Especial em Classes Comuns - Educação de Jovens e Adultos (EJA) - Ensino Médio;Num;8;;s;s;s;s;s;s;s;s;s;s;s;s;s;s;s;s;s;s;s;
142;QT_MAT_ESP_CE;Número de Matrículas da Educação Especial em Classes Exclusivas;Num;8;;s;s;s;s;s;s;s;s;s;s;s;s;s;s;s;s;s;s;s;Número de matrículas de alunos com alguma deficiência, transtorno do espectro autista ou altas habilidades/superdotação em Classes Exclusivas (Escolas exclusivamente especializadas e/ou em classes especiais do Ensino Regular e/ou Educação de Jovens e Adultos (EJA))
143;QT_MAT_ESP_CE_INF;Número de Matrículas da Educação Especial em Classes Exclusivas - Educação Infantil;Num;8;;s;s;s;s;s;s;s;s;s;s;s;s;s;s;s;s;s;s;s;
144;QT_MAT_ESP_CE_INF_CRE;Número de Matrículas da Educação Especial em Classes Exclusivas - Educação Infantil - Creche;Num;8;;s;s;s;s;s;s;s;s;s;s;s;s;s;s;s;s;s;s;s;
145;QT_MAT_ESP_CE_INF_PRE;Número de Matrículas da Educação Especial em Classes Exclusivas - Educação Infantil - Pré-Escola;Num;8;;s;s;s;s;s;s;s;s;s;s;s;s;s;s;s;s;s;s;s;
146;QT_MAT_ESP_CE_FUND;Número de Matrículas da Educação Especial em Classes Exclusivas - Ensino Fundamental;Num;8;;s;s;s;s;s;s;s;s;s;s;s;s;s;s;s;s;s;s;s;
147;QT_MAT_ESP_CE_FUND_AI;Número de Matrículas da Educação Especial em Classes Exclusivas - Ensino Fundamental - Anos Iniciais;Num;8;;s;s;s;s;s;s;s;s;s;s;s;s;s;s;s;s;s;s;s;
148;QT_MAT_ESP_CE_FUND_AF;Número de Matrículas da Educação Especial em Classes Exclusivas - Ensino Fundamental - Anos Finais;Num;8;;s;s;s;s;s;s;s;s;s;s;s;s;s;s;s;s;s;s;s;
149;QT_MAT_ESP_CE_MED;Número de Matrículas da Educação Especial em Classes Exclusivas - Ensino Médio;Num;8;;s;s;s;s;s;s;s;s;s;s;s;s;s;s;s;s;s;s;s;
150;QT_MAT_ESP_CE_PROF;Número de Matrículas da Educação Especial em Classes Exclusivas - Educação Profissional;Num;8;;s;s;s;s;s;s;s;s;s;s;s;s;s;s;s;s;s;s;s;
151;QT_MAT_ESP_CE_PROF_TEC;Número de Matrículas da Educação Especial em Classes Exclusivas - Educação Profissional Técnica;Num;8;;s;s;s;s;s;s;s;s;s;s;s;s;s;s;s;s;s;s;s;
152;QT_MAT_ESP_CE_EJA;Número de Matrículas da Educação Especial em Classes Exclusivas - Educação de Jovens e Adultos (EJA);Num;8;;s;s;s;s;s;s;s;s;s;s;s;s;s;s;s;s;s;s;s;
153;QT_MAT_ESP_CE_EJA_FUND;Número de Matrículas da Educação Especial em Classes Exclusivas - Educação de Jovens e Adultos (EJA) - Ensino Fundamental;Num;8;;s;s;s;s;s;s;s;s;s;s;s;s;s;s;s;s;s;s;s;
154;QT_MAT_ESP_CE_EJA_MED;Número de Matrículas da Educação Especial em Classes Exclusivas - Educação de Jovens e Adultos (EJA) - Ensino Médio;Num;8;;s;s;s;s;s;s;s;s;s;s;s;s;s;s;s;s;s;s;s;
155;QT_MAT_BAS_FEM;Número de Matrículas da Educação Básica - Feminino;Num;8;;s;s;s;s;s;s;s;s;s;s;s;s;s;s;s;s;s;s;s;
156;QT_MAT_BAS_MASC;Número de Matrículas da Educação Básica - Masculino;Num;8;;s;s;s;s;s;s;s;s;s;s;s;s;s;s;s;s;s;s;s;
157;QT_MAT_BAS_ND;Número de Matrículas da Educação Básica - Cor/Raça Não Declarada;Num;8;;s;s;s;s;s;s;s;s;s;s;s;s;s;s;s;s;s;s;s;
158;QT_MAT_BAS_BRANCA;Número de Matrículas da Educação Básica - Cor/Raça Branca;Num;8;;s;s;s;s;s;s;s;s;s;s;s;s;s;s;s;s;s;s;s;
159;QT_MAT_BAS_PRETA;Número de Matrículas da Educação Básica - Cor/Raça Preta;Num;8;;s;s;s;s;s;s;s;s;s;s;s;s;s;s;s;s;s;s;s;
160;QT_MAT_BAS_PARDA;Número de Matrículas da Educação Básica - Cor/Raça Parda;Num;8;;s;s;s;s;s;s;s;s;s;s;s;s;s;s;s;s;s;s;s;
161;QT_MAT_BAS_AMARELA;Número de Matrículas da Educação Básica - Cor/Raça Amarela;Num;8;;s;s;s;s;s;s;s;s;s;s;s;s;s;s;s;s;s;s;s;
162;QT_MAT_BAS_INDIGENA;Número de Matrículas da Educação Básica - Cor/Raça Indígena;Num;8;;s;s;s;s;s;s;s;s;s;s;s;s;s;s;s;s;s;s;s;
163;QT_MAT_BAS_0_3;Número de Matrículas da Educação Básica - Até 3 anos de idade na data de referência do Censo Escolar (última quarta-feira do mês de maio de 2025);Num;8;;s;s;s;s;s;s;s;s;s;s;s;s;s;s;s;s;s;s;s;Faixa etária calculada com base na idade do aluno na data de referência do Censo Escolar (última quarta-feira do mês de maio)
164;QT_MAT_BAS_4_5;Número de Matrículas da Educação Básica - Entre 4 e 5 anos de idade na data de referência do Censo Escolar (última quarta-feira do mês de maio de 2025);Num;8;;s;s;s;s;s;s;s;s;s;s;s;s;s;s;s;s;s;s;s;
165;QT_MAT_BAS_6_10;Número de Matrículas da Educação Básica - Entre 6 e 10 anos de idade na data de referência do Censo Escolar (última quarta-feira do mês de maio de 2025);Num;8;;s;s;s;s;s;s;s;s;s;s;s;s;s;s;s;s;s;s;s;
166;QT_MAT_BAS_11_14;Número de Matrículas da Educação Básica - Entre 11 e 14 anos de idade na data de referência do Censo Escolar (última quarta-feira do mês de maio de 2025);Num;8;;s;s;s;s;s;s;s;s;s;s;s;s;s;s;s;s;s;s;s;
167;QT_MAT_BAS_15_17;Número de Matrículas da Educação Básica - Entre 15 e 17 anos de idade na data de referência do Censo Escolar (última quarta-feira do mês de maio de 2025);Num;8;;s;s;s;s;s;s;s;s;s;s;s;s;s;s;s;s;s;s;s;
168;QT_MAT_BAS_18_MAIS;Número de Matrículas da Educação Básica - Com 18 ou mais anos de idade na data de referência do Censo Escolar (última quarta-feira do mês de maio de 2025);Num;8;;s;s;s;s;s;s;s;s;s;s;s;s;s;s;s;s;s;s;s;
169;QT_MAT_BAS_0_3_REF_31_03;Número de Matrículas da Educação Básica - Até 3 anos de idade na data de referência (31 de março de 2025);Num;8;;s;s;s;s;s;s;s;s;s;s;s;s;s;s;s;s;s;s;s;Faixa etária calculada com base na idade do aluno na data de referência fixada pelo Conselho Nacional de Educação, correspondente a 31 de março, em conformidade com a Resolução CNE/CEB nº 05/2009
170;QT_MAT_BAS_4_5_REF_31_03;Número de Matrículas da Educação Básica - Entre 4 e 5 anos de idade na data de referência (31 de março de 2025);Num;8;;s;s;s;s;s;s;s;s;s;s;s;s;s;s;s;s;s;s;s;
171;QT_MAT_BAS_6_10_REF_31_03;Número de Matrículas da Educação Básica - Entre 6 e 10 anos de idade na data de referência (31 de março de 2025);Num;8;;s;s;s;s;s;s;s;s;s;s;s;s;s;s;s;s;s;s;s;
172;QT_MAT_BAS_11_14_REF_31_03;Número de Matrículas da Educação Básica - Entre 11 e 14 anos de idade na data de referência (31 de março de 2025);Num;8;;s;s;s;s;s;s;s;s;s;s;s;s;s;s;s;s;s;s;s;
173;QT_MAT_BAS_15_17_REF_31_03;Número de Matrículas da Educação Básica - Entre 15 e 17 anos de idade na data de referência (31 de março de 2025);Num;8;;s;s;s;s;s;s;s;s;s;s;s;s;s;s;s;s;s;s;s;
174;QT_MAT_BAS_18_MAIS_REF_31_03;Número de Matrículas da Educação Básica - Com 18 ou mais anos de idade na data de referência do Censo Escolar (última quarta-feira do mês de maio de 2025);Num;8;;s;s;s;s;s;s;s;s;s;s;s;s;s;s;s;s;s;s;s;
175;QT_MAT_BAS_D;Número de Matrículas da Educação Básica - Turno Diurno;Num;8;;s;s;s;s;s;s;s;s;s;s;s;s;s;s;s;s;s;s;s;Diurno - Quando a maior parte das atividades da turma são realizadas no período entre 6h e 17:59h. 
176;QT_MAT_BAS_DM;Número de Matrículas da Educação Básica - Turno Diurno - Matutino;Num;8;;s;s;s;s;s;s;s;s;s;s;s;s;s;s;s;s;s;s;s;Diurno Matutino - Quando a maior parte das atividades da turma são realizadas no período entre 6h e 11:59h. 
177;QT_MAT_BAS_DV;Número de Matrículas da Educação Básica - Turno Diurno - Vespertino;Num;8;;s;s;s;s;s;s;s;s;s;s;s;s;s;s;s;s;s;s;s;Diurno Vespertino - Quando a maior parte das atividades da turma são realizadas no período entre 12h e 17:59h. 
178;QT_MAT_BAS_N;Número de Matrículas da Educação Básica - Turno Noturno;Num;8;;s;s;s;s;s;s;s;s;s;s;s;s;s;s;s;s;s;s;s;Noturno - quando a maior parte das atividades da turma são realizadas entre 18h e 5:59h.
179;QT_MAT_BAS_EAD;Número de Matrículas da Educação Básica - Turno não aplicável  para turmas semipresenciais ou de Educação a Distância (EAD);Num;8;;s;s;s;s;s;s;s;s;s;s;s;s;s;s;s;s;s;s;s;
180;QT_MAT_INF_CRE_D;Número de Matrículas da Educação Infantil - Creche - Turno Diurno;Num;8;;s;s;s;s;s;s;s;s;s;s;s;s;s;s;s;s;s;s;s;Diurno - Quando a maior parte das atividades da turma são realizadas no período entre 6h e 17:59h. 
181;QT_MAT_INF_CRE_DM;Número de Matrículas da Educação Infantil - Creche - Turno Diurno - Matutino;Num;8;;s;s;s;s;s;s;s;s;s;s;s;s;s;s;s;s;s;s;s;Diurno Matutino - Quando a maior parte das atividades da turma são realizadas no período entre 6h e 11:59h. 
182;QT_MAT_INF_CRE_DV;Número de Matrículas da Educação Infantil - Creche - Turno Diurno - Vespertino;Num;8;;s;s;s;s;s;s;s;s;s;s;s;s;s;s;s;s;s;s;s;Diurno Vespertino - Quando a maior parte das atividades da turma são realizadas no período entre 12h e 17:59h. 
183;QT_MAT_INF_CRE_N;Número de Matrículas da Educação Infantil - Creche - Turno Noturno;Num;8;;s;s;s;s;s;s;s;s;s;s;s;s;s;s;s;s;s;s;s;Noturno - quando a maior parte das atividades da turma são realizadas entre 18h e 5:59h.
184;QT_MAT_INF_PRE_D;Número de Matrículas da Educação Infantil - Pré-Escola - Turno Diurno;Num;8;;s;s;s;s;s;s;s;s;s;s;s;s;s;s;s;s;s;s;s;Diurno - Quando a maior parte das atividades da turma são realizadas no período entre 6h e 17:59h. 
185;QT_MAT_INF_PRE_DM;Número de Matrículas da Educação Infantil - Pré-Escola - Turno Diurno - Matutino;Num;8;;s;s;s;s;s;s;s;s;s;s;s;s;s;s;s;s;s;s;s;Diurno Matutino - Quando a maior parte das atividades da turma são realizadas no período entre 6h e 11:59h. 
186;QT_MAT_INF_PRE_DV;Número de Matrículas da Educação Infantil - Pré-Escola - Turno Diurno - Vespertino;Num;8;;s;s;s;s;s;s;s;s;s;s;s;s;s;s;s;s;s;s;s;Diurno Vespertino - Quando a maior parte das atividades da turma são realizadas no período entre 12h e 17:59h. 
187;QT_MAT_INF_PRE_N;Número de Matrículas da Educação Infantil - Pré-Escola - Turno Noturno;Num;8;;s;s;s;s;s;s;s;s;s;s;s;s;s;s;s;s;s;s;s;Noturno - quando a maior parte das atividades da turma são realizadas entre 18h e 5:59h.
188;QT_MAT_FUND_D;Número de Matrículas do Ensino Fundamental - Turno Diurno;Num;8;;s;s;s;s;s;s;s;s;s;s;s;s;s;s;s;s;s;s;s;Diurno - Quando a maior parte das atividades da turma são realizadas no período entre 6h e 17:59h. 
189;QT_MAT_FUND_DM;Número de Matrículas do Ensino Fundamental - Turno Diurno - Matutino;Num;8;;s;s;s;s;s;s;s;s;s;s;s;s;s;s;s;s;s;s;s;Diurno Matutino - Quando a maior parte das atividades da turma são realizadas no período entre 6h e 11:59h. 
190;QT_MAT_FUND_DV;Número de Matrículas do Ensino Fundamental - Turno Diurno - Vespertino;Num;8;;s;s;s;s;s;s;s;s;s;s;s;s;s;s;s;s;s;s;s;Diurno Vespertino - Quando a maior parte das atividades da turma são realizadas no período entre 12h e 17:59h. 
191;QT_MAT_FUND_N;Número de Matrículas do Ensino Fundamental - Turno Noturno;Num;8;;s;s;s;s;s;s;s;s;s;s;s;s;s;s;s;s;s;s;s;Noturno - quando a maior parte das atividades da turma são realizadas entre 18h e 5:59h.
192;QT_MAT_FUND_AI_D;Número de Matrículas do Ensino Fundamental - Anos Iniciais - Turno Diurno;Num;8;;s;s;s;s;s;s;s;s;s;s;s;s;s;s;s;s;s;s;s;Diurno - Quando a maior parte das atividades da turma são realizadas no período entre 6h e 17:59h. 
193;QT_MAT_FUND_AI_DM;Número de Matrículas do Ensino Fundamental - Anos Iniciais - Turno Diurno - Matutino;Num;8;;s;s;s;s;s;s;s;s;s;s;s;s;s;s;s;s;s;s;s;Diurno Matutino - Quando a maior parte das atividades da turma são realizadas no período entre 6h e 11:59h. 
194;QT_MAT_FUND_AI_DV;Número de Matrículas do Ensino Fundamental - Anos Iniciais - Turno Diurno - Vespertino;Num;8;;s;s;s;s;s;s;s;s;s;s;s;s;s;s;s;s;s;s;s;Diurno Vespertino - Quando a maior parte das atividades da turma são realizadas no período entre 12h e 17:59h. 
195;QT_MAT_FUND_AI_N;Número de Matrículas do Ensino Fundamental - Anos Iniciais - Turno Noturno;Num;8;;s;s;s;s;s;s;s;s;s;s;s;s;s;s;s;s;s;s;s;Noturno - quando a maior parte das atividades da turma são realizadas entre 18h e 5:59h.
196;QT_MAT_FUND_AF_D;Número de Matrículas do Ensino Fundamental - Anos Finais - Turno Diurno;Num;8;;s;s;s;s;s;s;s;s;s;s;s;s;s;s;s;s;s;s;s;Diurno - Quando a maior parte das atividades da turma são realizadas no período entre 6h e 17:59h. 
197;QT_MAT_FUND_AF_DM;Número de Matrículas do Ensino Fundamental - Anos Finais - Turno Diurno - Matutino;Num;8;;s;s;s;s;s;s;s;s;s;s;s;s;s;s;s;s;s;s;s;Diurno Matutino - Quando a maior parte das atividades da turma são realizadas no período entre 6h e 11:59h. 
198;QT_MAT_FUND_AF_DV;Número de Matrículas do Ensino Fundamental - Anos Finais - Turno Diurno - Vespertino;Num;8;;s;s;s;s;s;s;s;s;s;s;s;s;s;s;s;s;s;s;s;Diurno Vespertino - Quando a maior parte das atividades da turma são realizadas no período entre 12h e 17:59h. 
199;QT_MAT_FUND_AF_N;Número de Matrículas do Ensino Fundamental - Anos Finais - Turno Noturno;Num;8;;s;s;s;s;s;s;s;s;s;s;s;s;s;s;s;s;s;s;s;Noturno - quando a maior parte das atividades da turma são realizadas entre 18h e 5:59h.
200;QT_MAT_MED_D;Número de Matrículas do Ensino Médio - Turno Diurno;Num;8;;s;s;s;s;s;s;s;s;s;s;s;s;s;s;s;s;s;s;s;Diurno - Quando a maior parte das atividades da turma são realizadas no período entre 6h e 17:59h. 
201;QT_MAT_MED_DM;Número de Matrículas do Ensino Médio - Turno Diurno - Matutino;Num;8;;s;s;s;s;s;s;s;s;s;s;s;s;s;s;s;s;s;s;s;Diurno Matutino - Quando a maior parte das atividades da turma são realizadas no período entre 6h e 11:59h. 
202;QT_MAT_MED_DV;Número de Matrículas do Ensino Médio - Turno Diurno - Vespertino;Num;8;;s;s;s;s;s;s;s;s;s;s;s;s;s;s;s;s;s;s;s;Diurno Vespertino - Quando a maior parte das atividades da turma são realizadas no período entre 12h e 17:59h. 
203;QT_MAT_MED_N;Número de Matrículas do Ensino Médio - Turno Noturno;Num;8;;s;s;s;s;s;s;s;s;s;s;s;s;s;s;s;s;s;s;s;Noturno - quando a maior parte das atividades da turma são realizadas entre 18h e 5:59h.
204;QT_MAT_MED_EAD;Número de Matrículas do Ensino Médio - Turno não aplicável  para turmas semipresenciais ou de Educação a Distância (EAD);Num;8;;s;s;s;s;s;s;s;s;s;s;s;s;s;s;s;s;s;s;s;
205;QT_MAT_PROF_D;Número de Matrículas da Educação Profissional - Turno Diurno;Num;8;;s;s;s;s;s;s;s;s;s;s;s;s;s;s;s;s;s;s;s;Diurno - Quando a maior parte das atividades da turma são realizadas no período entre 6h e 17:59h. 
206;QT_MAT_PROF_DM;Número de Matrículas da Educação Profissional - Turno Diurno - Matutino;Num;8;;s;s;s;s;s;s;s;s;s;s;s;s;s;s;s;s;s;s;s;Diurno Matutino - Quando a maior parte das atividades da turma são realizadas no período entre 6h e 11:59h. 
207;QT_MAT_PROF_DV;Número de Matrículas da Educação Profissional - Turno Diurno - Vespertino;Num;8;;s;s;s;s;s;s;s;s;s;s;s;s;s;s;s;s;s;s;s;Diurno Vespertino - Quando a maior parte das atividades da turma são realizadas no período entre 12h e 17:59h. 
208;QT_MAT_PROF_N;Número de Matrículas da Educação Profissional - Turno Noturno;Num;8;;s;s;s;s;s;s;s;s;s;s;s;s;s;s;s;s;s;s;s;Noturno - quando a maior parte das atividades da turma são realizadas entre 18h e 5:59h.
209;QT_MAT_PROF_EAD;Número de Matrículas da Educação Profissional - Turno não aplicável  para turmas semipresenciais ou de Educação a Distância (EAD);Num;8;;s;s;s;s;s;s;s;s;s;s;s;s;s;s;s;s;s;s;s;
210;QT_MAT_PROF_TEC_D;Número de Matrículas da Educação Profissional Técnica - Turno Diurno;Num;8;;s;s;s;s;s;s;s;s;s;s;s;s;s;s;s;s;s;s;s;Diurno - Quando a maior parte das atividades da turma são realizadas no período entre 6h e 17:59h. 
211;QT_MAT_PROF_TEC_DM;Número de Matrículas da Educação Profissional Técnica - Turno Diurno - Matutino;Num;8;;s;s;s;s;s;s;s;s;s;s;s;s;s;s;s;s;s;s;s;Diurno Matutino - Quando a maior parte das atividades da turma são realizadas no período entre 6h e 11:59h. 
212;QT_MAT_PROF_TEC_DV;Número de Matrículas da Educação Profissional Técnica - Turno Diurno - Vespertino;Num;8;;s;s;s;s;s;s;s;s;s;s;s;s;s;s;s;s;s;s;s;Diurno Vespertino - Quando a maior parte das atividades da turma são realizadas no período entre 12h e 17:59h. 
213;QT_MAT_PROF_TEC_N;Número de Matrículas da Educação Profissional Técnica - Turno Noturno;Num;8;;s;s;s;s;s;s;s;s;s;s;s;s;s;s;s;s;s;s;s;Noturno - quando a maior parte das atividades da turma são realizadas entre 18h e 5:59h.
214;QT_MAT_PROF_TEC_EAD;Número de Matrículas da Educação Profissional Técnica - Turno não aplicável  para turmas semipresenciais ou de Educação a Distância (EAD);Num;8;;s;s;s;s;s;s;s;s;s;s;s;s;s;s;s;s;s;s;s;
215;QT_MAT_EJA_D;Número de Matrículas da Educação de Jovens e Adultos (EJA) - Turno Diurno;Num;8;;s;s;s;s;s;s;s;s;s;s;s;s;s;s;s;s;s;s;s;Diurno - Quando a maior parte das atividades da turma são realizadas no período entre 6h e 17:59h. 
216;QT_MAT_EJA_DM;Número de Matrículas da Educação de Jovens e Adultos (EJA) - Turno Diurno - Matutino;Num;8;;s;s;s;s;s;s;s;s;s;s;s;s;s;s;s;s;s;s;s;Diurno Matutino - Quando a maior parte das atividades da turma são realizadas no período entre 6h e 11:59h. 
217;QT_MAT_EJA_DV;Número de Matrículas da Educação de Jovens e Adultos (EJA) - Turno Diurno - Vespertino;Num;8;;s;s;s;s;s;s;s;s;s;s;s;s;s;s;s;s;s;s;s;Diurno Vespertino - Quando a maior parte das atividades da turma são realizadas no período entre 12h e 17:59h. 
218;QT_MAT_EJA_N;Número de Matrículas da Educação de Jovens e Adultos (EJA) - Turno Noturno;Num;8;;s;s;s;s;s;s;s;s;s;s;s;s;s;s;s;s;s;s;s;Noturno - quando a maior parte das atividades da turma são realizadas entre 18h e 5:59h.
219;QT_MAT_EJA_EAD;Número de Matrículas da Educação de Jovens e Adultos (EJA) - Turno não aplicável  para turmas semipresenciais ou de Educação a Distância (EAD);Num;8;;s;s;s;s;s;s;s;s;s;s;s;s;s;s;s;s;s;s;s;
220;QT_MAT_EJA_FUND_D;Número de Matrículas da Educação de Jovens e Adultos (EJA) - Ensino Fundamental - Turno Diurno;Num;8;;s;s;s;s;s;s;s;s;s;s;s;s;s;s;s;s;s;s;s;Diurno - Quando a maior parte das atividades da turma são realizadas no período entre 6h e 17:59h. 
221;QT_MAT_EJA_FUND_DM;Número de Matrículas da Educação de Jovens e Adultos (EJA) - Ensino Fundamental - Turno Diurno - Matutino;Num;8;;s;s;s;s;s;s;s;s;s;s;s;s;s;s;s;s;s;s;s;Diurno Matutino - Quando a maior parte das atividades da turma são realizadas no período entre 6h e 11:59h. 
222;QT_MAT_EJA_FUND_DV;Número de Matrículas da Educação de Jovens e Adultos (EJA) - Ensino Fundamental - Turno Diurno - Vespertino;Num;8;;s;s;s;s;s;s;s;s;s;s;s;s;s;s;s;s;s;s;s;Diurno Vespertino - Quando a maior parte das atividades da turma são realizadas no período entre 12h e 17:59h. 
223;QT_MAT_EJA_FUND_N;Número de Matrículas da Educação de Jovens e Adultos (EJA) - Ensino Fundamental - Turno Noturno;Num;8;;s;s;s;s;s;s;s;s;s;s;s;s;s;s;s;s;s;s;s;Noturno - quando a maior parte das atividades da turma são realizadas entre 18h e 5:59h.
224;QT_MAT_EJA_FUND_EAD;Número de Matrículas da Educação de Jovens e Adultos (EJA) - Ensino Fundamental - Turno não aplicável  para turmas semipresenciais ou de Educação a Distância (EAD);Num;8;;s;s;s;s;s;s;s;s;s;s;s;s;s;s;s;s;s;s;s;
225;QT_MAT_EJA_MED_D;Número de Matrículas da Educação de Jovens e Adultos (EJA) - Ensino Médio - Turno Diurno;Num;8;;s;s;s;s;s;s;s;s;s;s;s;s;s;s;s;s;s;s;s;Diurno - Quando a maior parte das atividades da turma são realizadas no período entre 6h e 17:59h. 
226;QT_MAT_EJA_MED_DM;Número de Matrículas da Educação de Jovens e Adultos (EJA) - Ensino Médio - Turno Diurno - Matutino;Num;8;;s;s;s;s;s;s;s;s;s;s;s;s;s;s;s;s;s;s;s;Diurno Matutino - Quando a maior parte das atividades da turma são realizadas no período entre 6h e 11:59h. 
227;QT_MAT_EJA_MED_DV;Número de Matrículas da Educação de Jovens e Adultos (EJA) - Ensino Médio - Turno Diurno - Vespertino;Num;8;;s;s;s;s;s;s;s;s;s;s;s;s;s;s;s;s;s;s;s;Diurno Vespertino - Quando a maior parte das atividades da turma são realizadas no período entre 12h e 17:59h. 
228;QT_MAT_EJA_MED_N;Número de Matrículas da Educação de Jovens e Adultos (EJA) - Ensino Médio - Turno Noturno;Num;8;;s;s;s;s;s;s;s;s;s;s;s;s;s;s;s;s;s;s;s;Noturno - quando a maior parte das atividades da turma são realizadas entre 18h e 5:59h.
229;QT_MAT_EJA_MED_EAD;Número de Matrículas da Educação de Jovens e Adultos (EJA) - Ensino Médio - Turno não aplicável  para turmas semipresenciais ou de Educação a Distância (EAD);Num;8;;s;s;s;s;s;s;s;s;s;s;s;s;s;s;s;s;s;s;s;
230;QT_MAT_ESP_D;Número de Matrículas da Educação Especial - Turno Diurno;Num;8;;s;s;s;s;s;s;s;s;s;s;s;s;s;s;s;s;s;s;s;Diurno - Quando a maior parte das atividades da turma são realizadas no período entre 6h e 17:59h. 
231;QT_MAT_ESP_DM;Número de Matrículas da Educação Especial - Turno Diurno - Matutino;Num;8;;s;s;s;s;s;s;s;s;s;s;s;s;s;s;s;s;s;s;s;Diurno Matutino - Quando a maior parte das atividades da turma são realizadas no período entre 6h e 11:59h. 
232;QT_MAT_ESP_DV;Número de Matrículas da Educação Especial - Turno Diurno - Vespertino;Num;8;;s;s;s;s;s;s;s;s;s;s;s;s;s;s;s;s;s;s;s;Diurno Vespertino - Quando a maior parte das atividades da turma são realizadas no período entre 12h e 17:59h. 
233;QT_MAT_ESP_N;Número de Matrículas da Educação Especial - Turno Noturno;Num;8;;s;s;s;s;s;s;s;s;s;s;s;s;s;s;s;s;s;s;s;Noturno - quando a maior parte das atividades da turma são realizadas entre 18h e 5:59h.
234;QT_MAT_ESP_EAD;Número de Matrículas da Educação Especial - Turno não aplicável  para turmas semipresenciais ou de Educação a Distância (EAD);Num;8;;s;s;s;s;s;s;s;s;s;s;s;s;s;s;s;s;s;s;s;
235;QT_MAT_ESP_CC_D;Número de Matrículas da Educação Especial em Classes Comuns - Turno Diurno;Num;8;;s;s;s;s;s;s;s;s;s;s;s;s;s;s;s;s;s;s;s;Diurno - Quando a maior parte das atividades da turma são realizadas no período entre 6h e 17:59h. 
236;QT_MAT_ESP_CC_DM;Número de Matrículas da Educação Especial em Classes Comuns - Turno Diurno - Matutino;Num;8;;s;s;s;s;s;s;s;s;s;s;s;s;s;s;s;s;s;s;s;Diurno Matutino - Quando a maior parte das atividades da turma são realizadas no período entre 6h e 11:59h. 
237;QT_MAT_ESP_CC_DV;Número de Matrículas da Educação Especial em Classes Comuns - Turno Diurno - Vespertino;Num;8;;s;s;s;s;s;s;s;s;s;s;s;s;s;s;s;s;s;s;s;Diurno Vespertino - Quando a maior parte das atividades da turma são realizadas no período entre 12h e 17:59h. 
238;QT_MAT_ESP_CC_N;Número de Matrículas da Educação Especial em Classes Comuns - Turno Noturno;Num;8;;s;s;s;s;s;s;s;s;s;s;s;s;s;s;s;s;s;s;s;Noturno - quando a maior parte das atividades da turma são realizadas entre 18h e 5:59h.
239;QT_MAT_ESP_CC_EAD;Número de Matrículas da Educação Especial em Classes Comuns - Turno não aplicável  para turmas semipresenciais ou de Educação a Distância (EAD);Num;8;;s;s;s;s;s;s;s;s;s;s;s;s;s;s;s;s;s;s;s;
240;QT_MAT_ESP_CE_D;Número de Matrículas da Educação Especial em Classes Exclusivas - Turno Diurno;Num;8;;s;s;s;s;s;s;s;s;s;s;s;s;s;s;s;s;s;s;s;Diurno - Quando a maior parte das atividades da turma são realizadas no período entre 6h e 17:59h. 
241;QT_MAT_ESP_CE_DM;Número de Matrículas da Educação Especial em Classes Exclusivas - Turno Diurno - Matutino;Num;8;;s;s;s;s;s;s;s;s;s;s;s;s;s;s;s;s;s;s;s;Diurno Matutino - Quando a maior parte das atividades da turma são realizadas no período entre 6h e 11:59h. 
242;QT_MAT_ESP_CE_DV;Número de Matrículas da Educação Especial em Classes Exclusivas - Turno Diurno - Vespertino;Num;8;;s;s;s;s;s;s;s;s;s;s;s;s;s;s;s;s;s;s;s;Diurno Vespertino - Quando a maior parte das atividades da turma são realizadas no período entre 12h e 17:59h. 
243;QT_MAT_ESP_CE_N;Número de Matrículas da Educação Especial em Classes Exclusivas - Turno Noturno;Num;8;;s;s;s;s;s;s;s;s;s;s;s;s;s;s;s;s;s;s;s;Noturno - quando a maior parte das atividades da turma são realizadas entre 18h e 5:59h.
244;QT_MAT_ESP_CE_EAD;Número de Matrículas da Educação Especial em Classes Exclusivas - Turno não aplicável  para turmas semipresenciais ou de Educação a Distância (EAD);Num;8;;s;s;s;s;s;s;s;s;s;s;s;s;s;s;s;s;s;s;s;
245;QT_MAT_BAS_INT;Número de Matrículas da Educação Básica - Tempo Integral;Num;8;;s;s;s;s;s;s;s;s;s;s;s;s;s;s;s;s;s;s;s;
246;QT_MAT_INF_INT;Número de Matrículas da Educação Infantil - Tempo Integral;Num;8;;s;s;s;s;s;s;s;s;s;s;s;s;s;s;s;s;s;s;s;Considera-se em tempo integral, o tempo de permanência semanal do aluno na turma de escolarização presencial (minutos/semana) maior ou igual a 35 horas semanais, e os que estão em turmas de escolarização presenciais com carga horária menor que 35 horas semanais, mas que somado ao tempo de permanência semanal em turmas de atividade complementar (mesma rede ou outra rede), de atendimento educacional especializado (mesma rede ou outra rede) e em turmas exclusivas de itinerário formativo  (mesma rede ou outra rede),  atinja as 35 horas ou mais.
247;QT_MAT_INF_CRE_INT;Número de Matrículas da Educação Infantil - Creche - Tempo Integral;Num;8;;s;s;s;s;s;s;s;s;s;s;s;s;s;s;s;s;s;s;s;
248;QT_MAT_INF_PRE_INT;Número de Matrículas da Educação Infantil - Pré-Escola - Tempo Integral;Num;8;;s;s;s;s;s;s;s;s;s;s;s;s;s;s;s;s;s;s;s;
249;QT_MAT_FUND_INT;Número de Matrículas do Ensino Fundamental - Tempo Integral;Num;8;;s;s;s;s;s;s;s;s;s;s;s;s;s;s;s;s;s;s;s;
250;QT_MAT_FUND_AI_INT;Número de Matrículas do Ensino Fundamental - Anos Iniciais - Tempo Integral;Num;8;;s;s;s;s;s;s;s;s;s;s;s;s;s;s;s;s;s;s;s;
251;QT_MAT_FUND_AF_INT;Número de Matrículas do Ensino Fundamental - Anos Finais - Tempo Integral;Num;8;;s;s;s;s;s;s;s;s;s;s;s;s;s;s;s;s;s;s;s;
252;QT_MAT_MED_INT;Número de Matrículas do Ensino Médio - Tempo Integral;Num;8;;s;s;s;s;s;s;s;s;s;s;s;s;s;s;s;s;s;s;s;
253;QT_MAT_PROF_INT;Número de Matrículas da Educação Profissional - Tempo Integral;Num;8;;s;s;s;s;s;s;s;s;s;s;s;s;s;s;s;s;s;s;s;
254;QT_MAT_PROF_TEC_INT;Número de Matrículas da Educação Profissional Técnica - Tempo Integral;Num;8;;s;s;s;s;s;s;s;s;s;s;s;s;s;s;s;s;s;s;s;
255;QT_MAT_EJA_INT;Número de Matrículas da Educação de Jovens e Adultos (EJA) - Tempo Integral;Num;8;;s;s;s;s;s;s;s;s;s;s;s;s;s;s;s;s;s;s;s;
256;QT_MAT_EJA_FUND_INT;Número de Matrículas da Educação de Jovens e Adultos (EJA) - Ensino Fundamental - Tempo Integral;Num;8;;s;s;s;s;s;s;s;s;s;s;s;s;s;s;s;s;s;s;s;
257;QT_MAT_EJA_MED_INT;Número de Matrículas da Educação de Jovens e Adultos (EJA) - Ensino Médio - Tempo Integral;Num;8;;s;s;s;s;s;s;s;s;s;s;s;s;s;s;s;s;s;s;s;
258;QT_MAT_ESP_INT;Número de Matrículas da Educação Especial - Tempo Integral;Num;8;;s;s;s;s;s;s;s;s;s;s;s;s;s;s;s;s;s;s;s;
259;QT_MAT_ESP_CC_INT;Número de Matrículas da Educação Especial em Classes Comuns - Tempo Integral;Num;8;;s;s;s;s;s;s;s;s;s;s;s;s;s;s;s;s;s;s;s;
260;QT_MAT_ESP_CE_INT;Número de Matrículas da Educação Especial em Classes Exclusivas - Tempo Integral;Num;8;;s;s;s;s;s;s;s;s;s;s;s;s;s;s;s;s;s;s;s;
261;QT_MAT_BAS_LIBRAS;Número de Matrículas da Educação Básica - Classe bilíngue de surdos tendo a Libras (Língua Brasileira de Sinais) como língua de instrução, ensino, comunicação e interação e a língua portuguesa escrita como segunda língua;Num;8;;n;n;n;n;n;n;n;n;n;n;n;n;n;n;n;s;s;s;s;
262;QT_MAT_ZR_URB;Número de Matrículas da Educação Básica - Localização/Zona de residência do Aluno - Urbana;Num;8;;s;s;s;s;s;s;s;s;s;s;s;s;s;s;s;s;s;s;s;
263;QT_MAT_ZR_RUR;Número de Matrículas da Educação Básica - Localização/Zona de residência do Aluno - Rural;Num;8;;s;s;s;s;s;s;s;s;s;s;s;s;s;s;s;s;s;s;s;
264;QT_MAT_ZR_NA;Número de Matrículas da Educação Básica - Localização/Zona de residência do Aluno - Não aplicável para alunos residentes no exterior;Num;8;;s;s;s;s;s;s;s;s;s;s;s;s;s;s;s;s;s;s;s;
265;QT_TRANSP_PUBLICO;Número de Matrículas da Educação Básica de alunos que utilizam transporte escolar público;Num;8;;s;s;s;s;s;s;s;s;s;s;s;s;s;s;s;s;s;s;s;
266;QT_TRANSP_RESP_EST;Número de Matrículas da Educação Básica segundo o poder público responsável pelo transporte escolar - Estadual;Num;8;;s;s;s;s;s;s;s;s;s;s;s;s;s;s;s;s;s;s;s;
267;QT_TRANSP_RESP_MUN;Número de Matrículas da Educação Básica segundo o poder público responsável pelo transporte escolar - Municipal;Num;8;;s;s;s;s;s;s;s;s;s;s;s;s;s;s;s;s;s;s;s;
